"species","sspname","sample","datasetAB","total_ind","area_min","area_log_min","area_sqrt_min","area_25q","area_log_25q","area_sqrt_25q","area_mean","area_log_mean","area_sqrt_mean","area_median","area_log_median","area_sqrt_median","area_75q","area_log_75q","area_sqrt_75q","area_95q","area_log_95q","area_sqrt_95q","area_max","area_log_max","area_log_max.1"
"calida","G.calida",25,"A",8,25057.58971,10.1289320430582,158.295892903133,56818.6195475,10.9292470239014,237.320635585897,77122.67268125,11.1185495640392,268.935039257268,63198.588045,11.0540329994902,251.393027121455,105452.388075,11.5633057137267,324.51154060438,134912.56673,11.8086097938005,366.961719325376,143339.9578,11.872974415143,378.602638395455
"calida","G.calida",25,"B",5,110296.548,11.6109279082877,332.10924106384,125200.2276,11.7376695555379,353.836441876752,141256.79568,11.8466978069474,374.761438933154,143844.804,11.876490247368,379.26877540868,160272.7992,11.984632637362,400.340853773381,165390.23952,12.0159414764175,406.669676789171,166669.5996,12.0237686861814,408.251882543118
"conglobatus","G.conglobatus",25,"A",3,61099.97486,11.020266733703,247.184091033383,61784.993265,11.0313543205001,248.562053588629,82043.03751,11.2596858315827,282.402854233974,62470.01167,11.0424419072973,249.940016143874,92514.568835,11.3793953805226,300.012235834269,116550.214567,11.6489581591029,340.070011586584,122559.126,11.7163488537479,350.084455524663
"conglobatus","G.conglobatus",25,"B",7,99806.0616,11.5109841979301,315.920973662718,140609.7936,11.8504527725393,374.671577172822,242215.935942857,12.2249127382946,470.215499472557,212645.3544,12.267381054217,461.134854896049,236278.9026,12.3713912119565,485.918039036826,515098.8576,13.0737995095226,704.891809837289,629282.7432,13.3523359469239,793.273435329836
"falconensis","G.falconensis",25,"A",17,28968.60448,10.2739679183915,170.201658276293,34433.39258,10.4467820870577,185.562368437138,37409.0682247059,10.5220821909512,193.048780733531,37081.34179,10.5208692053789,192.565162451571,40248.02363,10.6028161792809,200.619100860312,45088.321966,10.7163763824216,212.339993760256,45276.51335,10.7205437079246,212.782784430508
"falconensis","G.falconensis",25,"B",9,15030.1512,9.61781354257666,122.597517103733,30732.5988,10.333079220374,175.307155586987,34452.0472,10.404802890829,183.812308204035,35245.638,10.4700970559026,187.738216674176,41116.5828,10.624166793563,202.772243662687,43527.53088,10.6810450421398,208.627113878721,44038.7424,10.6928250345706,209.85409788708
"glutinata","G.glutinata",25,"A",18,23495.77401,10.0645758545993,153.283312888259,27678.80994,10.228389690642,166.368135029473,35613.0513838889,10.4519897877244,187.382996238347,35271.8093,10.4707743298762,187.804853955796,43336.29241,10.6763247244706,208.15192331578,49856.1384735,10.8168961588107,223.284840109514,50001.40372,10.8198063584162,223.609936541291
"glutinata","G.glutinata",25,"B",14,36676.764,10.509898700014,191.511785538123,66321.0414,11.0915220197002,256.820938956626,94031.1591428571,11.3787796571916,301.314233653155,90943.065,11.417916441213,301.562214024295,116779.8816,11.663119920492,341.318784775231,153352.80576,11.9403226588294,391.58581947792,157264.1064,11.9656818773755,396.565387294454
"inflata","G.inflata",25,"A",30,29565.56374,10.2943655758898,171.946397868638,56096.6978125,10.9348321950978,236.847412716437,75779.5825103333,11.1549726688127,269.990940351018,72760.59607,11.1936238039283,269.65369207931,96923.49498,11.4813057773205,311.296629650653,119602.85842,11.6919274976895,345.836070999672,136366.9734,11.8231048645746,369.278991278952
"obliquiloculata","P.obliquiloculata",25,"A",3,73400.30532,11.203683374267,270.924907160637,101604.39641,11.4887494222207,315.607178385127,130372.947073333,11.7070725019316,354.900094395134,129808.4875,11.7738154701744,360.289449609616,158859.26795,11.9587670657639,396.887688012383,182099.89231,12.1067283422354,426.166278734596,187910.0484,12.1437186613533,433.485926415149
"obliquiloculata","P.obliquiloculata",25,"B",10,79457.4468,11.2829768969621,281.88197317317,88956.1296,11.3958398278432,298.25075037535,121888.00296,11.6620348455674,344.849214072192,108133.218,11.5907959717559,328.809583930117,150754.1472,11.9233891018393,388.269111760749,182892.24486,12.1101436509216,426.967505192966,201562.4484,12.2138545299722,448.957067435184
"ruber","G.ruber",25,"A",62,23693.85198,10.072970883344,153.928074047589,34076.9572725,10.4363721869485,184.599242731823,53365.973476129,10.8019180937643,226.27367726825,47805.92616,10.7747200438846,218.635560285746,67105.703125,11.1140216230018,259.047510860183,92365.114606,11.4335009078928,303.916012458198,116481.3553,11.6654864988367,341.293649662574
"ruber","G.ruber",25,"B",11,34579.998,10.4510307014004,185.956978895657,75806.4114,11.2351270634297,275.273829193494,85250.3301818182,11.3014439452451,288.352710613031,88057.5156,11.3857454663294,296.744866172947,89558.5338,11.4026476158782,299.263312249553,122574.2778,11.6843352078876,347.326919689206,153157.1076,11.9392195205866,391.352919498501
"sacculifer","G.sacculifer",25,"A",28,35959.71656,10.4901546064633,189.630473711374,57176.9022025,10.9535772798331,239.097412945478,111620.259481429,11.4777115533771,322.585632137163,104797.076,11.5596280808372,323.711377662776,154136.54095,11.9453487670929,392.578086685215,216684.40002,12.2832155640525,465.149946061797,240451.0323,12.3902717398968,490.358065397114
"sacculifer","G.sacculifer",25,"B",9,140549.886,11.8533177652351,374.89983462253,157164.2604,11.965046781984,396.439478861528,217214.6032,12.2507497762088,461.732310496054,208731.3912,12.2488034947874,456.871307043898,262688.1696,12.4787229407806,512.531140127115,299680.44696,12.610268449336,547.402950789667,304603.5204,12.6267662768288,551.908978365092
"tenellus","G.tenellus",25,"A",20,21894.19,9.99397658380352,147.966854396517,24302.3980725,10.097943791576,155.877283588097,27459.939644,10.2110190401747,165.317692352274,26924.55589,10.2007483617943,164.085165106845,30957.763185,10.3403743940963,175.947977150637,33349.097243,10.4146879402652,182.61283329398,35423.96399,10.4751438189654,188.212550033201
"tenellus","G.tenellus",25,"B",7,16607.718,9.71762280605267,128.870935435419,18318.4128,9.81442133634968,135.303571201759,25568.1833142857,10.1019230698096,158.029512642357,24715.2132,10.1151742520441,157.210728641528,31125.3264,10.3432501850639,176.312365421789,37137.38688,10.5200361846146,192.598967236826,38766.8736,10.5653213877436,196.893051172458
"truncatulinoides","G.truncatulinoides",25,"A",12,57919.11364,10.9668027237657,240.663901821607,75108.1642975,11.2266780282751,274.058241563806,130495.4404,11.6862154888147,353.194477062763,126727.59165,11.7348112627548,354.662142953581,184194.3222,12.1233102208522,429.131583814467,202883.87736,12.2203813069295,450.425455104681,203767.4319,12.2247345827809,451.406060991653
"truncatulinoides","G.truncatulinoides",25,"B",4,168260.4792,12.0332685290741,410.195659655243,218582.8632,12.2849611962183,466.4009556529,253622.1528,12.4152787430497,500.164036936887,270279.7938,12.4987949187488,518.793748445446,305319.0834,12.6291124655802,552.556829729433,305598.6522,12.6300277776175,552.809758907019,305668.5444,12.6302566056269,552.872991201415
"universa","O.universa",25,"A",6,185304.1688,12.1297539095919,430.469707180424,260715.9324,12.4709172700005,510.568954059006,294398.536533333,12.5593167357668,538.076360874836,284098.6106,12.5560594919854,532.873524951986,310483.6048,12.6455612141226,557.165489642273,409269.50165,12.9121613792895,638.197630811468,440689.52,12.9960958701979,663.844499864238
"universa","O.universa",25,"B",5,189421.1748,12.1517282528515,435.225429863651,341233.6896,12.7403228282951,584.152111696945,341622.42336,12.7062673452208,579.721061259482,382616.5284,12.8547885352643,618.560044296429,384839.766,12.8605823344301,620.35454862522,404968.7196,12.9112482870965,636.321447177178,410000.958,12.9239147752631,640.313171815167
"dutertrei","N.dutertrei",25,"B",7,98607.9096,11.4989067564403,314.01896375856,137168.4348,11.8289479452601,370.361002173446,151807.760228571,11.9061020222052,387.293125245286,142154.0784,11.8646668074871,377.033259010396,170207.4762,12.040046029511,412.075365739154,201013.96104,12.2100143570188,448.221712267746,207140.5116,12.241152641967,455.126918122846
"pachyderma","N.pachyderma",25,"B",2,29374.6932,10.2878888071366,171.390469980101,34428.5649,10.4188036326626,184.214984202839,39482.4366,10.5497184581886,197.039498425578,39482.4366,10.5497184581886,197.039498425578,44536.3083,10.6806332837146,209.864012648316,48579.40566,10.7853651441355,220.123624026506,49590.18,10.8115481092407,222.688526871054
"siphonifera","G.siphonifera",25,"B",5,137740.8852,11.8331295556789,371.134591758839,141435.1872,11.8595968501432,376.078698147077,165814.91784,12.0046119284191,405.754627598068,161956.8684,11.9950853343207,402.438651722222,169778.1384,12.0422477954539,412.041428014223,208486.43568,12.2428496442899,456.072100281226,218163.51,12.293000106499,467.079768347977
"calida","G.calida",27,"A",11,32405.74445,10.3860909839045,180.015956098341,39390.94874,10.5811456234791,198.464301484861,61150.2624181818,10.923595839835,241.188494399733,49054.3453,10.8006840502644,221.482155714631,77088.12871,11.228971437894,276.0147223868,110994.70515,11.6128351231012,332.792587874132,121387.1864,11.7067406034372,348.40663943157
"calida","G.calida",27,"B",6,89082.6012,11.3973193216634,298.467085622519,96036.8751,11.4657558173858,309.366508010354,112399.9704,11.6176234540408,334.258227636289,119236.0932,11.6885237398382,345.276704580609,126135.4518,11.7449579406375,355.141933517828,129430.3698,11.7708571697929,359.760629842109,130105.9944,11.7761047387658,360.702085383492
"conglobatus","G.conglobatus",27,"A",12,73562.32952,11.2058883465148,271.223762823245,96407.62549,11.4733414909039,310.266741396005,161493.431010833,11.8269703546698,384.96835535514,113624.3584,11.6406387967807,337.080911637042,195895.681775,12.154474433848,439.068505210337,342852.765355,12.7316264966646,583.569531909991,405236.8277,12.9122269349364,636.582145288414
"conglobatus","G.conglobatus",27,"B",2,270828.9468,12.509242707956,520.412285404563,271359.7947,12.5111951495445,520.921315904667,271890.6426,12.513147591133,521.430346404771,271890.6426,12.513147591133,521.430346404771,272421.4905,12.5151000327215,521.939376904876,272846.16882,12.5166619859923,522.346601304959,272952.3384,12.51705247431,522.44840740498
"dehiscens","S.dehiscens",27,"A",1,386229.6171,12.8641873345395,621.473746106784,386229.6171,12.8641873345395,621.473746106784,386229.6171,12.8641873345395,621.473746106784,386229.6171,12.8641873345395,621.473746106784,386229.6171,12.8641873345395,621.473746106784,386229.6171,12.8641873345395,621.473746106784,386229.6171,12.8641873345395,621.473746106784
"dutertrei","N.dutertrei",27,"A",11,61867.91564,11.0327569986089,248.732618769634,75905.86653,11.2365826691607,275.464291946065,88919.3295981818,11.3762832133409,296.782939732312,87012.3748,11.3738056266022,294.978600579771,104573.8876,11.5576487241468,323.378825632495,110778.5734,11.6152453911173,332.830553234918,111809.0016,11.6245473516677,334.378530411269
"dutertrei","N.dutertrei",27,"B",8,128015.8848,11.759909635202,357.793075394145,137865.6927,11.8335466042696,371.257620511608,170235.7659,12.0142794440405,409.35615186018,156135.8466,11.958017578182,395.09444505188,179436.5748,12.0886033545296,422.628422151428,248909.75442,12.4218340138185,498.536424297245,262834.6104,12.4792802555512,512.673980615361
"glutinata","G.glutinata",27,"A",24,26750.92189,10.1943242149079,163.557090613645,30221.7057275,10.3162449360156,173.840844585788,33894.1351495833,10.4162083034339,183.402404355582,33287.355345,10.4129327367318,182.448219738648,34258.9737575,10.4416991004256,185.091579817485,47201.1522075,10.7614581681661,217.219899197533,52932.84635,10.8767793391477,230.071394028028
"glutinata","G.glutinata",27,"B",14,23217.5232,10.0526625828959,152.372973981609,30358.1763,10.318094263368,174.115649723562,39807.6492857143,10.5558117136232,197.777105447679,41495.9976,10.6288074234462,203.474606106577,48383.7075,10.7869181140812,219.962951976578,52079.6736,10.8604560537358,228.205489461246,52945.0056,10.8770090236347,230.097817460314
"menardii","G.menardii",27,"A",1,73905.06592,11.2105366556017,271.854861865665,73905.06592,11.2105366556017,271.854861865665,73905.06592,11.2105366556017,271.854861865665,73905.06592,11.2105366556017,271.854861865665,73905.06592,11.2105366556017,271.854861865665,73905.06592,11.2105366556017,271.854861865665,73905.06592,11.2105366556017,271.854861865665
"obliquiloculata","P.obliquiloculata",27,"A",7,36580.7314,10.5072769162775,191.260898774423,55299.893055,10.9080119989464,234.42702630304,126123.279585714,11.5058560490896,335.36864424905,97397.47059,11.4865555199916,312.085678284025,180769.5346,12.1001404372707,424.656719799075,253274.49599,12.4311737579929,501.90918015998,276745.8998,12.5308550349236,526.066440480668
"obliquiloculata","P.obliquiloculata",27,"B",4,100405.1376,11.5169686562453,316.867697312301,151211.7747,11.9036890000137,386.760202136256,155087.4636,11.9261960930392,391.429936055727,171112.7466,12.0499277637705,413.642233993211,174988.4355,12.0724348567959,418.311967912682,177173.06598,12.0848551220556,420.916456721885,177719.2236,12.0879601883705,421.567578924186
"ruber","G.ruber",27,"A",96,19299.66924,9.86784323692229,138.923249458109,28107.5686075,10.2437926038382,167.65305449507,38666.6034395833,10.4887418910468,192.704036627128,33079.719155,10.4066557670283,181.877404160257,42335.7975075,10.653214917174,205.747697195213,64892.76518,11.0804341796465,254.736931305029,161831.8677,11.9943132215677,402.283317700349
"ruber","G.ruber",27,"B",6,51300.8748,10.845463083645,226.496964218066,58191.9129,10.9709008721736,241.193535037375,73982.5578,11.175702692013,269.536794202433,69862.2462,11.1474618591768,263.865245331713,82311.3783,11.3177946873816,286.86609521524,105018.0228,11.554307707092,323.46731206397,112107.0888,11.627209843457,334.823966884093
"sacculifer","G.sacculifer",27,"A",47,28351.35285,10.2524300275941,168.378599738803,53162.484835,10.8811074516143,230.569866848442,106040.157448511,11.3663513877445,309.064789508244,83349.07682,11.3307928121728,288.702401825825,125249.8068,11.7369161289232,353.804847862845,282827.57366,12.5460520336593,530.962514551895,366783.1944,12.8125262015209,605.626282785019
"sacculifer","G.sacculifer",27,"B",14,82865.5236,11.3249743752488,287.863724008427,117024.5043,11.669355267391,342.020962603205,177859.008,12.0044113607056,413.048177584946,155117.4174,11.9436350025722,393.034529438441,226533.933,12.3306474581438,475.955504361569,291822.56676,12.5838582513912,540.200228656878,295517.5344,12.5964834521389,543.615244819348
"siphonifera","G.siphonifera",27,"A",29,38792.06996,10.5659711222482,196.957025668038,76802.12123,11.2489875389366,277.131956349317,118194.38634931,11.573665978952,334.951506970329,99161.94133,11.5045095637106,314.899890965367,163330.1892,12.0035291314375,404.141298557819,213786.1665,12.2668143714725,461.692779849035,249358.8167,12.4266481690819,499.358405055928
"siphonifera","G.siphonifera",27,"B",3,70012.0152,11.1564221520163,264.597836725851,110479.599,11.5405537119218,326.558527391668,136453.9812,11.7424815460368,362.390301940093,150947.1828,11.9246852718273,388.519218057486,169674.9642,12.035511243047,411.286534547214,184657.18932,12.1241720200227,429.500387738997,188402.7456,12.1463372142666,434.053851036942
"tenellus","G.tenellus",27,"A",9,24186.48313,10.0935492077514,155.520040927207,30041.64044,10.310339712909,173.325244670244,33869.0580822222,10.4120384747486,183.19170131675,32629.20996,10.3929631772195,180.635572244229,34531.76107,10.4496347902419,185.827234467933,45276.54974,10.7201367800449,212.761225882831,46327.91132,10.7434998947266,215.239195594111
"tenellus","G.tenellus",27,"B",10,21779.7408,9.98873549558969,147.579608347495,24239.2806,10.093803537477,155.613886826148,28946.02104,10.256555252023,169.425540280888,28922.058,10.2713204608699,170.020691037262,31937.4072,10.3715300422678,178.710257515044,36774.9459,10.5057248331952,191.441808900977,40624.0092,10.6121145304115,201.553985820177
"truncatulinoides","G.truncatulinoides",27,"A",3,74873.67824,11.2235576823738,273.630550633514,156422.95247,11.8017334668401,380.727260825875,213280.730046667,12.1003903410835,444.4301372487,237972.2267,12.3799092513065,487.823971018235,282484.25595,12.5388066704383,529.829930556294,318093.87935,12.6659246057438,563.43469818674,326996.2852,12.6977040895702,571.835890094352
"inflata","G.inflata",27,"B",12,59794.4412,10.9986679790963,244.529019136789,104911.5204,11.560682696046,323.885159705955,128198.3811,11.7246438888467,354.961882590004,134369.4186,11.8075769154853,366.493688913076,151488.0153,11.9281141720688,389.200202694201,165937.72842,12.0180609230626,407.221288988861,175342.8888,12.074498700426,418.739643215208
"conglobatus","G.conglobatus",20,"A",1,115697.7123,11.6587361402983,340.143664206758,115697.7123,11.6587361402983,340.143664206758,115697.7123,11.6587361402983,340.143664206758,115697.7123,11.6587361402983,340.143664206758,115697.7123,11.6587361402983,340.143664206758,115697.7123,11.6587361402983,340.143664206758,115697.7123,11.6587361402983,340.143664206758
"dutertrei","N.dutertrei",20,"A",32,51474.99671,10.8488514679815,226.881018840272,81349.52153,11.3065101095857,285.218366504819,118684.321210625,11.6191173613491,339.071089592281,117834.54665,11.676360404933,343.212340092122,146706.311825,11.8961879222692,383.02259327522,195176.114865,12.1814305004285,441.76231280214,200958.1815,12.2108521131565,448.283594948555
"glutinata","G.glutinata",20,"A",51,22279.36606,10.0114162403151,149.262741700667,28776.973465,10.2673110944454,169.636935056109,39284.4768266667,10.5265195138184,195.569226490094,35663.9952,10.4818969210361,188.849133437249,44648.99565,10.7065257546349,211.299849411724,63019.86328,11.0505147437033,250.994249167269,84674.88082,11.3465742701857,290.98948575507
"glutinata","G.glutinata",20,"B",24,24515.5212,10.1070617143121,156.574331229611,38984.8707,10.5709277123303,197.445808222401,44354.3667,10.678175624087,209.491641390609,45127.0638,10.7171720856579,212.42784528923,49952.9538,10.8187585574386,223.497185693084,56482.54938,10.941644811046,237.658076381006,63508.7124,11.0589323786189,252.009349826549
"inflata","G.inflata",20,"A",10,31306.70502,10.3515875714782,176.937008621713,42456.606535,10.6552467446773,205.998541923788,58346.895646,10.911420092125,237.726094444582,53387.46428,10.8839010115156,230.97470266377,68970.4553425,11.1356032684942,262.248387697911,95365.8676635,11.452093152083,307.791289422026,109231.53,11.6012250368804,330.501936454236
"menardii","G.menardii",20,"A",36,99185.61443,11.5047482669305,314.937477017264,315194.4356,12.6608694870721,561.411227395721,463302.422425833,12.9394218251458,664.375634630883,460365.07575,13.0397436242978,678.49674389951,628094.4843,13.350397863255,792.51458950801,717494.49825,13.4809985126464,846.509676997745,831824.6874,13.6313769853408,912.044235440365
"obliquiloculata","P.obliquiloculata",20,"A",2,208142.2587,12.2459770609635,456.226104798925,210547.948325,12.2572757601386,458.832827203885,212953.63795,12.2685744593137,461.439549608845,212953.63795,12.2685744593137,461.439549608845,215359.327575,12.2798731584888,464.046272013805,217283.879275,12.2889121178289,466.131649937773,217765.0172,12.291171857664,466.652994418765
"ruber","G.ruber",20,"A",41,21330.49814,9.96789316515425,146.049642724657,30663.87666,10.330840584746,175.111040942597,49879.7371321951,10.6673245034316,214.563767791163,38068.8712,10.5471521982934,195.112457828812,57311.57226,10.9562578414741,239.398354756251,133680.7207,11.8032095544875,365.623741980742,158965.6916,11.9764436818187,398.705018277924
"sacculifer","G.sacculifer",20,"A",17,44483.06312,10.7028637916613,210.910083021178,69875.66998,11.1544727986762,264.340065029878,97360.1671829412,11.4194875056943,307.038600412599,99513.52116,11.5080488049696,315.457637663126,128182.0635,11.7612069033839,358.025227463094,145207.07036,11.8841650508111,380.891313083759,162889.893,12.0008297484664,403.596200428101
"siphonifera","G.siphonifera",20,"A",5,82785.81403,11.3240119975549,287.725240516017,91081.46047,11.4195095550733,301.797051791432,141859.88408,11.7736493993227,368.308279262696,108629.1596,11.5956951550451,329.589380290082,189306.0405,12.1511202463555,435.093140028661,227858.76474,12.3325520833388,476.887894955565,237496.9458,12.3779100425847,487.336583687291
"truncatulinoides","G.truncatulinoides",20,"A",6,39795.23581,10.5915024808412,199.487432711938,40644.841975,10.6125847273411,201.603514219061,92186.782265,11.1671013759495,283.820511861024,47967.955385,10.7685207152625,218.483011197897,132070.63155,11.7043266765749,356.444624732338,203780.8915,12.2152962826793,450.38115524251,219080.8859,12.2971962826178,468.060771588477
"conglobatus","G.conglobatus",31,"A",8,53453.2775,10.886563233563,231.199648572397,93802.81325,11.4455455340603,306.016285812422,177610.6554875,11.9026880449122,403.05760395773,150758.7459,11.9099309297306,386.97231923726,238691.490275,12.3770555296989,487.8303353524,345881.609175,12.7450221782694,586.841327161693,378533.1895,12.8440590349374,615.250509548753
"conglobatus","G.conglobatus",31,"B",5,197754.9876,12.1947841070565,444.696511792031,224220.834,12.3203867112618,473.519623669389,370871.97624,12.7377823332183,596.391797525543,355079.0016,12.7800955834176,595.885057372645,537258.0132,13.1942337296099,732.978862723885,539489.23848,13.1983759737186,734.49891820059,540047.0448,13.1994115347457,734.878932069766
"dutertrei","N.dutertrei",31,"A",4,102129.0122,11.5339921185387,319.576301061265,141082.907525,11.8423577937371,374.279861023138,184291.90445,12.0379410199513,419.969440585455,158769.5088,11.9747700807952,398.415221696162,201978.505725,12.1703533070095,444.104801258479,294395.371545,12.5686561011429,539.597774562281,317499.588,12.6682317996762,563.471017888232
"dutertrei","N.dutertrei",31,"B",8,113804.4708,11.6422370863702,337.349182302255,182119.104,12.1062957096488,426.1167764163,213842.67435,12.2242739930225,456.936700305262,208322.0226,12.2460755988059,456.335836966389,236214.0027,12.3642448930041,484.995088469807,315895.43736,12.6614726214418,561.809355189066,329212.2312,12.7044579014083,573.770190232989
"glutinata","G.glutinata",31,"A",62,20266.76382,9.91673757302466,142.361384581634,27608.87947,10.2258924598555,166.159188370201,33724.9293664516,10.3918389769893,182.029618801554,30994.70668,10.3415348966377,176.051515409791,38543.171155,10.5594976226014,196.322354881222,47115.3117375,10.7603137660187,217.05848463867,81106.50982,11.3035185059327,284.792046623497
"glutinata","G.glutinata",31,"B",34,24448.9572,10.1043428436867,156.361623168858,34288.7805,10.4424033241821,185.164395046495,41261.4573882353,10.6002032959512,201.701750683481,39775.3182,10.5909975647328,199.437290678362,43695.9378,10.6849756575004,209.033919587522,60579.23076,11.0099811788536,246.021684710694,78379.11,11.2693127167517,279.962693943318
"ruber","G.ruber",31,"A",87,17063.12208,9.7446748101638,130.625885949149,30814.16501,10.3357243026057,175.539399659407,51444.1851437931,10.7139393307518,218.948130486412,39189.65089,10.5761679830142,197.963761557513,53803.214435,10.8928393101016,231.940750775789,112783.85257,11.6329449496005,335.80935490009,160093.6833,11.9835144434906,400.117086988296
"ruber","G.ruber",31,"B",14,62277.2784,11.0393519255711,249.554159252055,76538.6154,11.2453144114337,276.639724833219,105551.485714286,11.5164623265925,320.701278616677,100405.1376,11.515721075642,316.768914039499,123248.2383,11.7215739001849,351.033950385273,158697.56214,11.950261090589,395.896049283265,208198.8792,12.2462490518632,456.288153692379
"rubescens","G.rubescens",31,"A",4,24882.88961,10.1219356819902,157.743112718115,27183.99044,10.2091407579119,164.824976391037,28102.1649475,10.2407772506577,167.519554531658,28470.87664,10.2564702463439,168.726119590431,29389.0511475,10.2881067390897,171.420697731051,30345.0237495,10.32020761018,174.190432528334,30584.0169,10.3282328279526,174.882866227655
"rubescens","G.rubescens",31,"B",7,23598.6021,10.0689427562085,153.618365113029,25244.397,10.1359348623539,158.867989735171,26703.0995142857,10.1897814097991,163.298907510259,27046.6173,10.2053172228503,164.458558001704,28296.3564,10.250294218991,168.207046234008,29092.62825,10.278225613379,170.564995655869,29194.9704,10.2817517268449,170.86535751872
"sacculifer","G.sacculifer",31,"A",32,41897.14417,10.6429729453535,204.687918964457,71794.572985,11.1815640884417,267.94508796531,108751.322294375,11.4981306438525,321.752399235245,96720.597275,11.4795566945142,310.997411442896,130771.2682,11.7811635591799,361.619346545965,193925.848975,12.1745052881087,440.290135881079,257234.862,12.4577448064838,507.183262736459
"sacculifer","G.sacculifer",31,"B",17,110775.8088,11.6152636973274,332.829999849773,166316.8104,12.0216497448588,407.819580697151,222422.822894118,12.2580754712543,465.391884324049,223062.6204,12.3152078199914,472.295056505994,260924.2236,12.4719853131161,510.807423203696,338790.7908,12.7313991503315,581.800817776849,379900.7172,12.8476652270392,616.360866051699
"siphonifera","G.siphonifera",31,"A",10,74893.07561,11.2238167167671,273.665992790482,116465.747725,11.6621413120611,340.992967576298,153020.028501,11.8891398451626,386.585280225413,161297.92635,11.9906920985928,401.587375728504,181733.093275,12.1099876525548,426.269117541788,215343.468025,12.2782535777001,463.850281247767,226765.7053,12.3316726282029,476.199228579804
"siphonifera","G.siphonifera",31,"B",3,235370.304,12.3689153146186,485.149774811862,312661.0926,12.6213469717869,554.805523795123,345287.4372,12.7226409655774,583.448366792193,389951.8812,12.8737786289552,624.461272778385,400246.0038,12.8995037910568,632.597662782359,408481.30188,12.920083920738,639.106774785539,410540.1264,12.9252289531583,640.734052786333
"tenellus","G.tenellus",31,"A",19,23234.3971,10.053389093259,152.428334308291,26187.95623,10.1729096256245,161.821056023173,30183.9542231579,10.3013121191194,173.125453306253,28685.11106,10.2641334887384,169.366794443303,32221.74177,10.3803874451632,179.503739356043,37222.0832,10.5218715524662,192.791675633308,46106.8877,10.7387176256336,214.7251445453
"tenellus","G.tenellus",31,"B",20,24136.1064,10.0914641891818,155.35799432279,26893.5201,10.1996403665157,163.992427612399,32035.5891,10.3628120774232,178.460215840135,31474.7874,10.356887307243,177.408920464592,36716.7024,10.510986248749,191.615990798152,39051.10188,10.5726203327645,197.613217368862,39645.5184,10.587733191671,199.111823857851
"conglobatus","G.conglobatus",44,"A",6,66214.81478,11.1006595051058,257.322394633658,124046.9703325,11.6515306190795,345.14809269752,225617.871715,12.1482545203909,456.250449268335,255404.4519,12.439615360472,503.992960076089,300065.7242,12.6116649937947,547.770011347884,361702.4218,12.7937170689488,600.701665770541,381469.5536,12.8517863194446,617.632215481026
"conglobatus","G.conglobatus",44,"B",11,118530.5148,11.6829257152684,344.282608913085,207852.7464,12.242486309329,455.669671384196,287329.557272727,12.4761257965574,523.823071583383,242905.3488,12.4004271353324,492.854287594214,360254.3526,12.7666965568122,596.0735582484,498075.1146,13.1164995717048,705.390597834736,529596.4968,13.1798706687794,727.73380902635
"dehiscens","S.dehiscens",44,"A",1,407224.0381,12.9171187751382,638.141080091229,407224.0381,12.9171187751382,638.141080091229,407224.0381,12.9171187751382,638.141080091229,407224.0381,12.9171187751382,638.141080091229,407224.0381,12.9171187751382,638.141080091229,407224.0381,12.9171187751382,638.141080091229,407224.0381,12.9171187751382,638.141080091229
"dutertrei","N.dutertrei",44,"A",21,37191.88886,10.5238459750889,192.851986922614,76634.5458,11.2468032436196,276.829452551566,115590.748934762,11.5422846802221,330.985780067431,120450.593,11.6989949312355,347.059927101934,152845.2243,11.9371810824737,390.954248346274,183757.9631,12.1213747527347,428.669993234889,207123.2358,12.2410692371307,455.107938625553
"dutertrei","N.dutertrei",44,"B",12,68973.6168,11.1414793452418,262.628286366873,79482.4083,11.2819769861738,281.834598598125,131863.284,11.6762099215084,352.833094796448,105513.9246,11.5665066461557,324.821634432127,163757.4246,11.990381641148,403.031565333855,245008.10556,12.4073034322908,494.766943417376,261050.6952,12.4724699019265,510.931203979557
"glutinata","G.glutinata",44,"A",76,20483.14052,9.92735741310032,143.119322664691,29172.8958175,10.2809792585955,170.800063305115,36187.5432047368,10.4580532117674,188.304779565606,32940.6188,10.402461427519,181.495489868407,38659.027325,10.5625355634275,196.61898880516,53401.54572,10.8852696022465,231.068857830477,90995.35686,11.4185637606808,301.654366552185
"glutinata","G.glutinata",44,"B",16,32949.18,10.4027216534298,181.519089905167,40006.6281,10.5967634241966,200.014722618878,49350.965625,10.7856279521306,220.988049038146,47330.3322,10.7648472399728,217.552123617509,56341.4337,10.9381494136552,237.301512714011,64835.0001,11.0792555851879,254.605091568562,67815.4032,11.1245446339664,260.413907462716
"menardii","G.menardii",44,"A",29,82835.08743,11.3246070118438,287.810853565323,327752.4285,12.7000138112095,572.496662435686,511531.966576897,12.9987389243301,691.08409242347,447801.7683,13.0121059320001,669.179922218233,632391.9694,13.3572646856283,795.230764872688,1057406.26588,13.8682231847042,1027.50927115968,1221082.224,14.0152480923488,1105.0258929093
"menardii","G.menardii",44,"B",19,10044.5076,9.2147812566349,100.222290933704,475469.9802,13.0718285261934,689.503581340233,588627.203663158,13.0628297074442,740.572505006412,554225.1768,13.2253263394661,744.463012378721,714604.4784,13.4790189674979,845.244452405445,994026.17192,13.8081913105782,996.670446483402,1154692.364,13.959344514945,1074.56612825828
"obliquiloculata","P.obliquiloculata",44,"A",16,31109.88636,10.3452809370403,176.379948860408,69032.0426775,11.1423244525511,262.739390139004,123176.158110625,11.5791393140899,339.331716558359,118894.77005,11.6859528845551,344.807656835374,175688.05595,12.0755500287527,419.054930322813,213864.861225,12.2712861806433,462.243330635422,236672.3706,12.3744320611857,486.489846348308
"obliquiloculata","P.obliquiloculata",44,"B",18,65552.2272,11.0906024657313,256.031691788341,155744.7831,11.9447144123027,393.507595774995,234055.2952,12.2372199082192,470.228251326076,250370.5014,12.4304407967904,500.338305009062,316127.4129,12.6635797416499,562.207213117219,359183.33784,12.7908420412376,599.205894491987,393040.4508,12.8816678137989,626.929382626146
"ruber","G.ruber",44,"A",33,24255.72255,10.0964078499697,155.742487940831,29864.57089,10.3044281367391,172.813688375661,39112.5841151515,10.5291594894492,195.493369117087,36616.87512,10.5082644819823,191.355363447174,43431.60941,10.6789427824061,208.402517763102,63576.80516,11.0597515777627,252.12847980439,75234.79806,11.2283691430663,274.289624411861
"ruber","G.ruber",44,"B",9,32776.1136,10.3974552851714,181.0417454622,49516.9596,10.8100705080584,222.524065215428,78464.164,11.1583699556728,272.325475479404,69486.1596,11.1488828692754,263.602275407478,94840.3872,11.4599506228365,307.961665146817,144258.83208,11.8551031336574,377.566159574237,169132.4676,12.038437518822,411.25717939022
"sacculifer","G.sacculifer",44,"A",13,27275.68631,10.2137509729878,165.153523456207,62676.17348,11.0457366461061,250.352099012571,119339.131326923,11.4624601620653,327.193121509245,93613.14719,11.4469261140335,305.962656528538,186846.2926,12.1380415931326,432.257206533332,241547.2532,12.3686860382113,488.245607074417,310395.1388,12.6456014060861,557.131168397533
"sacculifer","G.sacculifer",44,"B",23,60766.2756,11.0147902364321,246.508165382001,142237.2834,11.8585619032261,376.514387779272,279510.628852174,12.3142664957987,502.155420023623,270635.9112,12.5085296954481,520.226788237592,423004.2354,12.954038616536,650.209161003978,561771.53748,13.2380836745558,749.373083675528,596393.4708,13.2986559141267,772.265155759341
"scitula","G.scitula",44,"A",5,33108.86806,10.4075564427023,181.958423987459,36597.7252,10.5077413644524,191.305319319668,45879.681578,10.69825042703,212.283518056661,38346.01598,10.5544059156101,195.82138795341,56406.70936,10.9403433906946,237.500967071715,63232.613304,11.0530326954912,251.365386975186,64939.08929,11.0812050216903,254.831491951054
"scitula","G.scitula",44,"B",4,159553.908,11.9801371252955,399.441995789126,171745.1046,12.05289867821,414.332231699209,194814.5229,12.1594704626507,439.07779295139,176957.0658,12.0836413636914,420.660436860356,200026.4841,12.1902131481321,445.405998112536,252637.33842,12.4304122279659,501.519841459084,265790.052,12.4904619979243,515.548302295721
"siphonifera","G.siphonifera",44,"A",16,30212.86492,10.3160231033831,173.818482676613,46120.2093825,10.7389086672737,214.750923668093,94297.941160625,11.2168405452964,289.039445114052,62865.43101,11.048505504659,250.714365789813,112854.66145,11.6327611008613,335.845731839716,246999.617425,12.4170536704565,496.979549986763,252716.8969,12.440025156594,502.709555210561
"siphonifera","G.siphonifera",44,"B",3,137913.9516,11.8343852305275,371.367677107203,191461.3614,12.1217172601149,433.175642054243,221693.6208,12.264552497232,465.845627393775,245008.7712,12.4090492897024,494.983607001282,263583.4554,12.4796361305842,513.084602537061,278443.20276,12.5361056032897,527.565398965684,282158.1396,12.550222971466,531.185598072839
"truncatulinoides","G.truncatulinoides",44,"A",1,114990.1566,11.6526018088993,339.101985544172,114990.1566,11.6526018088993,339.101985544172,114990.1566,11.6526018088993,339.101985544172,114990.1566,11.6526018088993,339.101985544172,114990.1566,11.6526018088993,339.101985544172,114990.1566,11.6526018088993,339.101985544172,114990.1566,11.6526018088993,339.101985544172
"tumida","G.tumida",44,"A",6,356242.3711,12.7833665958796,596.86042849229,383955.56915,12.8559438939112,619.274867993747,469784.584683333,13.0400466195483,682.004703851431,461964.3978,13.0409305647608,679.287022605036,549320.485525,13.2146207938781,740.829161570467,593603.115275,13.2936494581828,770.395724341071,602144.5337,13.3082527846768,775.979725057298
"tumida","G.tumida",44,"B",10,228886.9704,12.3409835816468,478.421331464223,344571.8742,12.7445345185545,586.177418764757,454482.351,12.9834508914264,667.20375076629,499010.3388,13.1203294790786,706.397346796381,543415.1832,13.2055862197613,737.159143621734,599700.0375,13.3017959097113,773.942001872941,636977.5416,13.3644896774179,798.108727931226
"conglobatus","G.conglobatus",46,"A",2,160333.5461,11.9850115874459,400.416715560177,226706.56095,12.2292049817528,463.450822623339,293079.5758,12.4733983760597,526.484929686501,293079.5758,12.4733983760597,526.484929686501,359452.59065,12.7175917703665,589.519036749662,412551.00253,12.912946485812,639.946322400192,425825.6055,12.9617851646734,652.553143812824
"conglobatus","G.conglobatus",46,"B",2,374668.7868,12.8337976794705,612.101941509746,377757.3564,12.8419081521619,614.604400807856,380845.926,12.8500186248532,617.106860105967,380845.926,12.8500186248532,617.106860105967,383934.4956,12.8581290975446,619.609319404077,386405.35128,12.8646174756976,621.611286842566,387023.0652,12.8662395702359,622.111778702188
"dutertrei","N.dutertrei",46,"A",9,59508.99365,10.9938827338927,243.944652841582,85098.74809,11.3515676034074,291.7168971623,140944.447841111,11.7477567103635,365.752607887736,159170.3755,11.977730451534,398.961621587841,193835.4897,12.1747650870604,440.26752060537,226170.31958,12.3269545072549,475.326582513382,237989.9735,12.3799838236149,487.842160437164
"dutertrei","N.dutertrei",46,"B",7,99193.6728,11.5048295089807,314.950270360259,109714.113,11.6010322144086,330.850859706381,142267.2372,11.8366578520152,374.528961904878,157530.3624,11.9673734958116,396.900947844673,169515.2106,12.0389052931451,411.53785520448,180378.4554,12.1028090121084,424.709483316819,180687.978,12.1045269442066,425.074085307491
"menardii","G.menardii",46,"A",1,554858.6893,13.2264687464351,744.888373717834,554858.6893,13.2264687464351,744.888373717834,554858.6893,13.2264687464351,744.888373717834,554858.6893,13.2264687464351,744.888373717834,554858.6893,13.2264687464351,744.888373717834,554858.6893,13.2264687464351,744.888373717834,554858.6893,13.2264687464351,744.888373717834
"menardii","G.menardii",46,"B",4,166150.4004,12.0206486836504,407.6155055932,186319.2924,12.1331604626624,431.428183885623,268737.1731,12.395969525187,504.236718797443,202224.7602,12.2161030511139,449.578099968853,284642.6409,12.4789121136385,522.386634880672,460407.54546,13.0006010746236,672.617462703228,504348.7716,13.1310233148698,710.175169658867
"obliquiloculata","P.obliquiloculata",46,"A",22,73777.06982,11.2088032552631,271.619347285866,155531.02765,11.9535763201284,394.272407900997,217924.504865,12.1994893758538,456.933367571138,222594.7432,12.3130868926671,471.796971876567,280132.0794,12.5429993603161,529.27278770692,334543.832175,12.7204934916642,578.393370779146,344359.4943,12.7494414322495,586.821518265989
"obliquiloculata","P.obliquiloculata",46,"B",14,86014.0008,11.3622653619852,293.281436166696,131422.2975,11.7861582788557,362.520974104969,198309.846085714,12.1128554147372,436.304072802049,193601.394,12.1722934289672,439.862694619133,261185.4873,12.4727076018105,511.027676887446,315817.55748,12.6605617458327,561.643077966426,345766.698,12.7535195433717,588.019300703642
"ruber","G.ruber",46,"A",87,20860.27349,9.94560183920707,144.430860587341,34525.252495,10.4494438033338,185.80960561886,47459.7291390805,10.6985616347239,214.055092280989,43731.17576,10.6858165308509,209.120003251721,54907.190915,10.9133995328464,234.322830822197,86335.426521,11.3645951511459,293.7269062273,120459.364,11.6990677468229,347.072563018168
"ruber","G.ruber",46,"B",2,115135.7508,11.653867152911,339.31659375869,129788.1513,11.7567368688319,358.69437671036,144440.5518,11.8596065847528,378.07215966203,144440.5518,11.8596065847528,378.07215966203,159092.9523,11.9624763006736,397.449942613701,170814.8727,12.0447720734103,412.952168975037,173745.3528,12.0653460165945,416.827725565371
"sacculifer","G.sacculifer",46,"A",27,47216.26066,10.7624936177537,217.293029478628,76822.85114,11.2491413427168,277.161311996297,147504.879065556,11.7426024809834,369.067764891886,134080.8799,11.8061984781944,366.170561214306,171927.0404,12.0546301044913,414.62060572894,320207.37942,12.6750880460529,565.639322565285,351714.5906,12.7705753035271,593.05530146859
"sacculifer","G.sacculifer",46,"B",12,125226.8532,11.7378821970782,353.874064039737,188673.9939,12.1392961286929,433.471772207266,240258.3204,12.3272333516646,482.599663953359,223248.9996,12.3128426167263,472.114739759963,297138.3678,12.601845984409,545.089346622781,372927.80538,12.8130192045498,608.217107075551,447250.1724,13.0108733868376,668.767652028715
"siphonifera","G.siphonifera",46,"A",13,64056.53091,11.0675212679347,253.093917173053,80278.49003,11.2932569939392,283.334590246232,110494.893505385,11.5542842800348,327.567476870358,110813.3627,11.615602648009,332.886411107453,122425.3545,11.7152567722167,349.893347321723,170963.74304,12.0348725012043,411.986949925812,206978.6609,12.240370979494,454.949075062254
"siphonifera","G.siphonifera",46,"B",4,134412.6852,11.8086700865459,366.623356048138,135675.7371,11.8180085275245,368.34054106475,196892.9838,12.1049248430396,433.911763384275,151276.6746,11.9218056018544,388.45193048468,212493.9213,12.2087219173695,454.023152804204,322983.5049,12.6556788489969,564.500499776522,350605.9008,12.7674180819038,592.119836519602
"truncatulinoides","G.truncatulinoides",46,"B",2,189640.836,12.152887225359,435.477710106958,197054.4015,12.189208814323,443.680668841882,204467.967,12.225530403287,451.883627576805,204467.967,12.225530403287,451.883627576805,211881.5325,12.261851992251,460.086586311728,217812.3849,12.2909092634222,466.648953299667,219295.098,12.298173581215,468.289545046652
"crassaformis","G.crassaformis",55,"A",5,29246.16527,10.2835037421851,171.015102461742,30673.77037,10.3311631830381,175.139288482054,100584.904128,11.1654385649784,291.189214819694,54454.0292,10.9051121237868,233.353871191373,152799.5927,11.9368824901351,390.895884731472,219160.68902,12.2838015266248,466.612718731759,235750.9631,12.3705312857472,485.54192723183
"crassaformis","G.crassaformis",55,"B",4,164998.8432,12.013693741949,406.200496306935,177689.2698,12.0869127430791,421.440213404303,241242.9129,12.349983294168,485.872676764596,232165.2474,12.3312190528314,478.971878445792,295718.8905,12.5942896039202,543.404341806085,327657.62898,12.697898984032,572.158031449109,335642.3136,12.72380132906,579.346453859864
"humilis","T.humilis",55,"A",3,27354.18488,10.2166248082108,165.391006043255,27627.628885,10.2265226150598,166.213574254744,28793.84268,10.2662842249805,169.617845396672,27901.07289,10.2364204219088,167.036142466234,29513.67158,10.2911139333653,171.731265073381,30803.750532,10.3348687425305,175.487363159099,31126.27027,10.3458074448218,176.426387680528
"humilis","T.humilis",55,"B",10,19509.9084,9.87867773857795,139.677873695156,23640.2046,10.0705391808758,153.747352147147,26090.42544,10.1590400721219,161.114187268093,26545.7232,10.1866177669948,162.928332138671,28446.1254,10.255763763239,168.659645346112,31090.71312,10.3424881749533,176.229946150735,32935.8672,10.4023175313794,181.482415677112
"menardii","G.menardii",55,"A",23,31974.05369,10.3726800307003,178.812901352223,151225.03765,11.9265235638787,388.876561817447,252229.090946522,12.2001741261443,476.742737633843,216649.4845,12.2860360477514,465.456211152027,376326.8978,12.8374688301222,613.340720164544,496742.99283,13.115185948169,704.688678066075,511531.6577,13.1451647543452,715.214413794912
"inflata","G.inflata",10,"A",57,24411.30334,10.1028015556527,156.241170438524,37642.53783,10.5358900151778,194.016849345617,65837.2824007017,10.9694081476078,248.698885122695,54059.97033,10.8978492709957,232.508000572023,88540.63227,11.3912168473268,297.557779716814,131157.8548,11.7841522646469,362.15680611344,147456.9197,11.9012913422708,384.001197524174
"truncatulinoides","G.truncatulinoides",10,"A",10,41786.12624,10.6403196552852,204.41655079763,71086.4783525,11.1685626486235,266.411686590486,80896.758181,11.2472964948327,280.795890472911,82910.76784,11.3253082380783,287.92704091225,89394.4232575,11.4008110882998,298.988815766967,117260.117685,11.6659625853024,341.906161191678,128935.2213,11.7670653967539,359.07550918992
"pachyderma","N.pachyderma",66,"A",226,15614.80247,9.65597461962116,124.959203222492,37253.383875,10.5254923224461,193.011079727066,45560.7000012832,10.6955161610259,211.81258726113,45064.83879,10.7158554535215,212.284692256646,52393.9049575,10.8665440264397,228.897062376612,64881.2878725,11.080295758126,254.716861131686,77887.54273,11.2630213054641,279.083397445996
"truncatulinoides","G.truncatulinoides",5,"A",14,60734.59437,11.014268738426,246.443897002949,90907.2083375,11.4175455630383,301.504521205428,115919.015282857,11.6062243026533,335.915154458496,102367.2322,11.5362896158864,319.946210545533,145872.771975,11.8904540214523,381.929502899731,174788.89876,12.0662631696687,417.543058257393,199224.1899,12.2021860520009,446.345370649232
"truncatulinoides","G.truncatulinoides",5,"B",11,114922.746,11.6520154076911,339.002575211458,131084.4852,11.7835382722823,362.050569986072,170085.543054545,12.0129371764359,409.248102880181,177206.6808,12.085072018474,420.959238881866,212745.2004,12.2676043767229,461.214726887839,223258.9842,12.315779611237,472.466499513536,228800.4372,12.3406054493251,478.330886730096
